YEAR,MO,DY,DLI_uv_b_mol_m2_d,DLI_uv_a_mol_m2_d,DLI_blue_mol_m2_d,DLI_green_mol_m2_d,DLI_red_mol_m2_d,DLI_farred_mol_m2_d,DLI_PAR_mol_m2_d,DLI_ePAR_mol_m2_d
2020,1,1,0.021267422306752194,1.8625727053545678,7.212836700625913,9.55108381796885,10.412551077746798,4.9516519102822425,27.17647159634156,32.1281235066238
2020,1,2,0.011515262337073362,1.0084914389095954,3.9053960373855308,5.1714417563613715,5.637883873702279,2.681075775256444,14.714721667449181,17.395797442705625
2020,1,3,0.007272797265520603,0.6369419614165859,2.4665659183487563,3.26617374085981,3.560768762338278,1.6933110159514324,9.293508421546845,10.986819437498276
2020,1,4,0.017135151133159564,1.5006738636405974,5.811378792473211,7.695303283389409,8.389387008236405,3.9895433784916503,21.89606908409902,25.88561246259067
2020,1,5,0.00848493014310749,0.7430989549860192,2.8776602380735468,3.8105360310031124,4.154230222727993,1.9755295186100095,10.842426491804652,12.817956010414662
2020,1,6,0.02749337754163139,2.407833626870284,9.324366615575986,12.347126490068542,13.460784942475783,6.401228764846731,35.13227804812031,41.53350681296704
2020,1,7,0.012837589112623069,1.1242990682580678,4.353862567994396,5.765291527426789,6.285296375945601,2.988950505429433,16.404450471366786,19.39340097679622
2020,1,8,0.007989057602277312,0.699671093980341,2.709485289095223,3.587842366853581,3.911450534386745,1.8600764947951396,10.208778190335549,12.068854685130688
2020,1,9,0.008374736245145028,0.733448319206978,2.8402880271894753,3.7610485500809956,4.100279180874383,1.9498732910955952,10.701615758144854,12.651489049240448
2020,1,10,0.011515262337074436,1.0084914389095954,3.9053960373855294,5.17144175636137,5.637883873702277,2.6810757752564416,14.714721667449176,17.395797442705618
2020,1,11,0.018622768755653857,1.6309574466576255,6.315903639408183,8.363384275838008,9.117726073260148,4.335902449936262,23.79701398850634,28.1329164384426
2020,1,12,0.011680553184019022,1.0229673925781577,3.9614543537116393,5.2456729777445466,5.718810436482694,2.7195601165280663,14.925937767938878,17.645497884466945
2020,1,13,0.01768612062297312,1.5489270425357933,5.998239846893572,7.942740688000002,8.659142217504458,4.117824516063728,22.600122752398033,26.71794726846176
2020,1,14,0.011239777592168465,0.9843648494619985,3.8119655101753507,5.047723054056073,5.5030062690682495,2.6169352064704046,14.362694833299672,16.979630039770075
2020,1,15,0.018953350449539448,1.6599093539947445,6.4280202720604,8.511846718604366,9.279579198820977,4.412871132479507,24.21944618948574,28.63231732196525
2020,1,16,0.026722020255893986,2.340279176417012,9.062761139387483,12.000714123613712,13.08312764950051,6.22163517224582,34.146602912501706,40.368238084747524
2020,1,17,0.009146093530879924,0.8010027696602543,3.1018935033779766,4.107460916535825,4.477936473849653,2.129466883696502,11.687290893763455,13.816757777459957
2020,1,18,0.022369361286376798,1.9590790631449602,7.586558809466634,10.045958627190036,10.952061496282903,5.208214185426395,28.58457893293957,33.79279311836597
2020,1,19,0.020551161969996557,1.7998435727908129,6.969917329879445,9.229415191975082,10.061869305698329,4.78488643143854,26.26120182755286,31.0460882589914
2020,1,20,0.01741063587806697,1.5248004530881942,5.904809319683389,7.819021985694704,8.524264612870434,4.0536839472776895,22.248095918248527,26.301779865526214
2020,1,21,0.029972740245785497,2.6249729318986694,10.165241360467613,13.460594810816207,14.674683384182018,6.97849388392109,38.30051955546584,45.27901343938693
2020,1,22,0.019945095531202668,1.7467650760060955,6.764370170017048,8.95723404690343,9.76513857550347,4.643777180109251,25.486742792423946,30.1305199725332
2020,1,23,0.012066231826887276,1.0567446178047903,4.09225709180589,5.418879160971961,5.907639082970331,2.8093569128285174,15.418775335748181,18.2281322485767
2020,1,24,0.014765982326967379,1.293185194391253,5.007876258465657,6.631322443563864,7.2294396083837835,3.4379344869317063,18.868638310413303,22.30657279734501
2020,1,25,0.014931273173911429,1.307661148059812,5.063934574791766,6.705553664947038,7.310366171164199,3.476418828203331,19.079854410903003,22.556273239106336
2020,1,26,0.024628336194607952,2.1569170966152655,8.352689132590115,11.060451986093462,12.058057854281913,5.734166849471924,31.47119897296549,37.205365822437415
2020,1,27,0.013608946398361365,1.1918535187113406,4.615468044182902,6.11170389388162,6.66295366892087,3.168544098030342,17.39012560698539,20.55866970501573
2020,1,28,0.02110213145980886,1.8480967516860078,7.156778384299804,9.476852596585672,10.33162451496638,4.913167569010619,26.965255495851856,31.878423064862474
2020,1,29,0.025014014837476027,2.1906943218419026,8.483491870684364,11.233658169320877,12.24688650076955,5.823963645772376,31.964036540774792,37.788000186547166
2020,1,30,0.019008447398521033,1.6647346718842624,6.446706377502434,8.536590459065422,9.306554719747782,4.425699246236715,24.28985155631564,28.715550802552354
2020,1,31,0.015812824357608248,1.384866234292126,5.362912261864341,7.101453512323986,7.741974505993077,3.681668648318655,20.206340280181404,23.888008928500057
2020,2,1,0.011460165388091774,1.0036661210200744,3.886709931943494,5.146698015900309,5.6109083527754695,2.6682476614992354,14.644316300619275,17.31256396211851
2020,2,2,0.011405068439112155,0.9988408031305553,3.8680238265014575,5.1219542754392515,5.583932831848664,2.655419547742025,14.573910933789373,17.2293304815314
2020,2,3,0.016749472490291312,1.4668966384139592,5.680576054378955,7.522097100161993,8.200558361748769,3.8997465821911903,21.40323151628972,25.302978098480907
2020,2,4,0.019008447398521214,1.6647346718842615,6.446706377502434,8.53659045906542,9.306554719747776,4.425699246236715,24.28985155631563,28.715550802552343
2020,2,5,0.025014014837476922,2.1906943218419035,8.483491870684364,11.233658169320877,12.24688650076955,5.82396364577238,31.96403654077479,37.78800018654717
2020,2,6,0.04137780868490034,3.62381373502923,14.033265186969075,18.58254908625546,20.25861621603069,9.633913431663125,52.874430489255225,62.50834392091835
2020,2,7,0.04319600800128183,3.783049225383375,14.649906666556266,19.399092521470415,21.148808406615263,10.057241185650984,55.197807594641944,65.25504878029292
2020,2,8,0.0191737382454658,1.6792106255528225,6.502764693828542,8.6108216804486,9.387481282528201,4.464183587508338,24.501067656805343,28.96525124431368
2020,2,9,0.02016548332712651,1.7660663475641736,6.839114591785192,9.056209008747667,9.873040659210687,4.695089635138082,25.768364259743546,30.463453894881628
2020,2,10,0.023801881959888964,2.0845373282724693,8.072397550959574,10.689295879177575,11.653425040379835,5.541745143113802,30.415118470516983,35.95686361363079
2020,2,11,0.03195623040910997,2.7986843759213733,10.837941156380909,14.351369467414338,15.645802137547001,7.44030597918057,40.83511276134225,48.27541874052282
2020,2,12,0.033223460235677724,2.9096666873803247,11.267721581547738,14.920475498018698,16.26623911886352,7.7353525955963525,42.45443619842995,50.189788794026306
2020,2,13,0.022479555184338362,1.968729698924,7.623931020350704,10.095446108112153,11.006012538136508,5.233870412940814,28.725389666599366,33.95926007954018
2020,2,14,0.02435285144970073,2.1327905071676665,8.25925860537993,10.936733283788167,11.923180249647888,5.670026280685881,31.119172138815987,36.789198419501865
2020,2,15,0.03443559311326586,3.0158236809497567,11.67881590127253,15.464837788162004,16.85970057925324,8.01757109825493,44.00335426868777,52.0209253669427
2020,2,16,0.024022269755813168,2.1038385998305493,8.147141972727715,10.788270841021811,11.761327124087055,5.593057598142636,30.696739937836583,36.28979753597922
2020,2,17,0.03476617480715271,3.0447755882868752,11.79093253392475,15.61330023092836,17.02155370481406,8.09453978079818,44.42578646966717,52.520326250465345
2020,2,18,0.028980995164123172,2.538117209887313,9.828891462510962,13.015207482517138,14.189124007499519,6.747587836291344,37.033222952527616,43.78081078881896
2020,2,19,0.04027586970527609,3.5273073772388357,13.659543078128353,18.08767427703428,19.719105797494585,9.377351156518968,51.46632315265722,60.84367430917619
2020,2,20,0.0221489734904508,1.939777791586881,7.5118143876984895,9.946983665345797,10.844159412575682,5.156901730397569,28.30295746561997,33.45985919601754
2020,2,21,0.0368598588684391,3.2281376680886202,12.501004540722118,16.55356236844861,18.046623500032663,8.582008103572075,47.10119040920339,55.68319851277547
2020,2,22,0.0160332121535346,1.4041675058502041,5.437656683632487,7.2004284741682225,7.8498765897003,3.73298110334749,20.48796174750101,24.2209428508485
2020,2,23,0.009807256918656299,0.8589065843344861,3.3261267686824105,4.404385802068535,4.801642724971314,2.2834042487829964,12.532155295722259,14.815559544505255
2020,2,24,0.013608946398360829,1.1918535187113406,4.615468044182902,6.111703893881622,6.66295366892087,3.168544098030342,17.390125606985393,20.55866970501574
2020,2,25,0.04319600800128076,3.7830492253833743,14.649906666556266,19.39909252147042,21.148808406615263,10.057241185650987,55.197807594641944,65.25504878029292
2020,2,26,0.024463045347663546,2.1424411429467045,8.296630816264003,10.986220764710284,11.977131291501498,5.6956825082002975,31.259982872475785,36.95566538067608
2020,2,27,0.014821079275947715,1.2980105122807708,5.026562363907693,6.656066184024921,7.256415129310586,3.4507626006889147,18.9390436772432,22.389806277932113
2020,2,28,0.041708390378786826,3.6527656423663437,14.14538181962129,18.73101152902182,20.42046934159152,9.71088211420637,53.29686269023463,63.007744804441
2020,2,29,0.03146035786827782,2.7552565149156973,10.669766207402583,14.128675803264803,15.403022449205755,7.324852955365699,40.201464459873144,47.52631741523884
2020,3,1,0.0411023239399958,3.5996871455816306,13.939834659758894,18.45883038395017,20.123738611396664,9.56977286287708,52.52240365510573,62.09217651798281
2020,3,2,0.028650413470234004,2.509165302550196,9.716774829858746,12.866745039750784,14.027270881938687,6.670619153748096,36.610790751548215,43.281409905296314
2020,3,3,0.04220426291961718,3.6961935033720232,14.313556768599614,18.953705193171352,20.663249029932764,9.826335138021236,53.930510991703734,63.75684612972497
2020,3,4,0.0423144568175791,3.70584413915106,14.350928979483685,19.00319267409347,20.717200071786376,9.851991365535653,54.071321725363525,63.92331309089918
2020,3,5,0.015867921306591804,1.3896915521816462,5.381598367306378,7.126197252785046,7.76895002691988,3.694496762075863,20.276745647011303,23.971242409087168
2020,3,6,0.022755039929245588,1.9928562883715961,7.717361547560884,10.219164810417444,11.140890142770534,5.298010981726848,29.07741650074886,34.37542748247571
2020,3,7,0.06341658827739208,5.553940890837075,21.5077073637835,28.480045270679152,31.048824586752765,14.765158934546287,81.03657722121541,95.8017361557617
2020,3,8,0.030523709735598516,2.673226110793862,10.35210241488797,13.708032215426794,14.944438593450064,7.1067750214931635,39.00457322376483,46.11134824525799
2020,3,9,0.046501824940154035,4.072568298754553,15.771072993078423,20.88371694913397,22.76733966222357,10.826928011083456,59.42212960443596,70.24905761551942
2020,3,10,0.02264484603128259,1.983205652592557,7.6799893366768135,10.169677329495327,11.08693910091692,5.272354754212429,28.93660576708906,34.20896052130149
2020,3,11,0.034215205317339334,2.996522409391679,11.604071479504386,15.365862826317764,16.751798495546012,7.96625864322609,43.72173280136816,51.68799144459425
2020,3,12,0.06936705876736494,6.075075222905193,23.525806751523394,31.152369240473543,33.96218084684772,16.150595220324735,88.64035683884467,104.7909520591694
2020,3,13,0.049311769338197496,4.318659511120052,16.724064370622266,22.14564771264799,24.143091229490636,11.481161812701059,63.012803312760894,74.49396512546195
2020,3,14,0.04639163104219032,4.062917662975512,15.73370078219435,20.83422946821185,22.713388620369958,10.80127178356904,59.28131887077616,70.0825906543452
2020,3,15,0.04666711578709719,4.087044252423111,15.827131309404534,20.957948170517145,22.848266225003982,10.865412352355085,59.63334570492566,70.49875805728075
2020,3,16,0.06198406760388045,5.428482625709565,21.021868622290558,27.83670801869161,30.34746104265583,14.43162797685888,79.206037683638,93.63766566049688
2020,3,17,0.08821021531894498,7.725333941120904,29.916454812699726,39.6147284781558,43.1878090038151,20.537810125289838,112.71899229467061,133.25680241996045
2020,3,18,0.07608888654307433,6.663764005426587,25.805511615451792,34.171105576722766,37.25319439991795,17.7156250987041,97.22981159209252,114.94543669079661
2020,3,19,0.0467222127360786,4.09186957031263,15.845817414846572,20.982691910978204,22.875241745930794,10.878240466112286,59.70375107175557,70.58199153786785
2020,3,20,0.03129506702133592,2.7407805612471363,10.613707891076475,14.054444581881626,15.322095886425338,7.286368614094077,39.990248359383436,47.276616973477516
2020,3,21,0.05465617338937629,4.7867153464034535,18.536616598499766,24.54579053737074,26.75971675939074,12.725488847150224,69.84212389526124,82.56761274241147
2020,3,22,0.1014334830744406,8.883410234605615,34.40112011878838,45.55322618881001,49.661934026248346,23.616557427019735,129.61628033384673,153.23283776086646
2020,3,23,0.10413323357452052,9.119850811192073,35.31673928544814,46.76566947140191,50.983734551661804,24.24513500112292,133.06614330851187,157.3112783096348
2020,3,24,0.10479439696229315,9.17775462586631,35.54097255075258,47.062594356934625,51.30744080278346,24.399072366209417,133.91100771047067,158.3100800766801
2020,3,25,0.10534536645210688,9.226007804761506,35.72783360517294,47.31003176154521,51.57719601205151,24.527353503781498,134.61506137876967,159.14241488255118
2020,3,26,0.10192935561527006,8.926838095611288,34.5692950677667,45.77591985295954,49.9047137145896,23.732010450834608,130.24992863531583,153.98193908615045
2020,3,27,0.0932240376762364,8.16443786906719,31.616890407925005,41.86640886011218,45.64258140815438,21.70516847719576,119.12588067619156,140.8310491533873
2020,3,28,0.09537281868650402,8.352625266758453,32.34564852016441,42.83141473809349,46.69462672429977,22.205464913726868,121.87168998255768,144.07715489628455
2020,3,29,0.05575811236899839,4.883221704193849,18.910338707340486,25.040665346591915,27.29922717792684,12.982051122294381,71.25023123185925,84.23228235415363
2020,3,30,0.09256287428846091,8.106534054392952,31.392657142620575,41.56948397457948,45.31887515703271,21.551231112109264,118.28101627423275,139.83224738634203
2020,3,31,0.0988439264723226,8.656620293798188,33.52287316301268,44.39027038714023,48.3940845426885,23.013636080430963,126.30722809284141,149.32086417327238
2020,4,1,0.10622691763580709,9.30321289099382,36.02681129224551,47.70593160892216,52.008804346880396,24.732603323896825,135.74154724804805,160.4741505719449
2020,4,2,0.07399520248178774,6.4804019256248395,25.095439608654416,33.230843439202516,36.22812460469936,17.228156775930195,94.55440765255629,111.7825644284865
2020,4,3,0.06214935845082217,5.442958579378123,21.077926938616667,27.910939240074786,30.428387605436242,14.470112318130498,79.4172537841277,93.8873661022582
2020,4,4,0.10870628033996209,9.5203521960222,36.86768603713713,48.81939992966983,53.22270278858663,25.309868442971172,138.9097887553936,164.21965719836479
2020,4,5,0.11322423015642226,9.916028262962808,38.399946683384094,50.84838664747668,55.43469550458466,26.36177377106222,144.68302883544544,171.04480260650766
2020,4,6,0.1110203521971727,9.723015547382026,37.65250246570265,49.85863702903431,54.355674667512446,25.84864922077391,141.8668141622494,167.71546338302332
2020,4,7,0.1080451169521875,9.462448381347965,36.643452771832706,48.52247504413712,52.89899653746497,25.155931077884684,138.0649243534348,163.22085543131948
2020,4,8,0.10170896781934496,8.907536824053212,34.49455064599856,45.676944891115305,49.796811630882374,23.680697995805776,129.96830716799624,153.649005163802
2020,4,9,0.10341697323776221,9.057121678628318,35.07381991470167,46.44400084540814,50.63305277961334,24.078369522279218,132.15087353972314,156.22924306200238
2020,4,10,0.11322423015642298,9.91602826296281,38.399946683384094,50.84838664747668,55.43469550458466,26.361773771062225,144.68302883544544,171.04480260650766
2020,4,11,0.11377519964623653,9.964281441858006,38.586807737804456,51.09582405208727,55.7044507138527,26.4900549086343,145.38708250374444,171.87713741237874
2020,4,12,0.09234248649253671,8.087232782834873,31.31791272085243,41.470509012735235,45.21097307332548,21.49991865708043,117.99939480691316,139.4993134639936
2020,4,13,0.07686024382880922,6.73131845587986,26.0671170916403,34.517517943177594,37.63085169289323,17.89521869130501,98.21548672771112,116.11070541901613
2020,4,14,0.09509733394159679,8.328498677310854,32.25221799295423,42.707696035788196,46.559749119665746,22.141324344940823,121.51966314840817,143.66098749334898
2020,4,15,0.11619946540140763,10.176595428996867,39.40899637725404,52.184548632373875,56.89137363463213,27.054491913951452,148.48491864426006,175.5394105582115
2020,4,16,0.10710846881950642,9.38041797722613,36.32578897931809,48.1018314562991,52.440412681709276,24.93785314401215,136.86803311732646,161.80588626133863
2020,4,17,0.11201209727883574,9.809871269393378,37.9888523636593,50.304024357333375,54.84123404419494,26.07955526840365,143.13411076518761,169.21366603359127
2020,4,18,0.0553173367771507,4.8446191610776905,18.760849863804197,24.84271542290344,27.083423010512398,12.879426212236723,70.68698829722004,83.56641450945676
2020,4,19,0.05823747507315554,5.100361009222228,19.751213452232104,26.154133667339583,28.513125619633072,13.559316241368737,74.41847273920476,87.9777889805735
2020,4,20,0.13311422873864603,11.65796802107939,45.14563074795911,59.78087695391906,65.17285855916133,30.99272283741428,170.0993662610395,201.09208909845378
2020,4,21,0.1330040348406832,11.648317385300352,45.10825853707504,59.73138947299694,65.11890751730772,30.967066609899863,169.9585555273797,200.92562213727956
2020,4,22,0.1383484388918627,12.116373220583755,46.92081076495254,62.13153229771968,67.73553304720782,32.21139364434903,176.78787610988005,208.9992697542291
2020,4,23,0.13823824499390044,12.106722584804716,46.88343855406847,62.08204481679756,67.68158200535422,32.18573741683461,176.64706537622024,208.83280279305487
2020,4,24,0.12148877250360662,10.639825946390753,41.2028624996895,54.55994771663556,59.48102364360543,28.285990834643407,155.2438338599305,183.5298246945739
2020,4,25,0.11818295556473317,10.350306873019575,40.081696173167344,53.07532328897201,57.86249238799712,27.516304009210934,151.0195118501365,178.53581585934742
2020,4,26,0.14016663820824385,12.275608710937902,47.53745224453973,62.94807573293463,68.6257252377924,32.634721398336886,179.11125321526677,211.74597461360366
2020,4,27,0.12446400774859252,10.90039311242481,42.21191219355945,55.89610970153276,60.93770177365291,28.978708977532634,159.04572366874513,188.02443264627775
2020,4,28,0.055372433726132465,4.849444478967208,18.779535969246233,24.8674591633645,27.110398531439206,12.892254325993926,70.75739366404993,83.64964799004386
2020,4,29,0.06749376250200241,5.911014414661525,22.890479166494167,30.311082064797528,33.04501313533635,15.714439352579664,86.24657436662804,101.9610137192077
2020,4,30,0.10506988170720036,9.201881215313904,35.63440307796276,47.186313059239914,51.44231840741748,24.463212934995454,134.26303454462015,158.7262474796156
2020,5,1,0.09498714004363433,8.318848041531814,32.21484578207016,42.65820855486608,46.50579807781214,22.115668117426406,121.37885241474837,143.49452053217476
2020,5,2,0.09719101800288264,8.511860757112599,32.962289999751604,43.647958173308446,47.584818914884345,22.628792667714727,124.1950670879444,146.82385975565913
2020,5,3,0.08600633735969415,7.532321225540118,29.169010595018282,38.62497885971342,42.10878816674288,20.02468557500152,109.90277762147458,129.9274631964761
2020,5,4,0.06870589537958875,6.017171408230953,23.301573486218956,30.855444354940833,33.63847459572606,15.996657855238238,87.79549243688585,103.79215029212409
2020,5,5,0.13267345314679405,11.619365477963232,44.99614190442282,59.582927030230586,64.9570543917469,30.890097927356614,169.5361233264003,200.4262212537569
2020,5,6,0.15129622190245254,13.250322924620864,51.31204554383101,67.9463113060686,74.07478046500704,35.226000377292884,193.33313731490665,228.55913769219953
2020,5,7,0.1403870260041684,12.29490998249598,47.612196666307874,63.047050694778875,68.73362732149961,32.686033853365714,179.39287468258635,212.07890853595208
2020,5,8,0.11564849591159496,10.12834225010167,39.22213532283368,51.93711122776328,56.62161842536408,26.926210776379374,147.78086497596104,174.70707575234042
2020,5,9,0.11068977050328549,9.694063640044906,37.540385833050436,49.710174586267954,54.193821541951614,25.771680538230665,141.44438196127,167.21606249950068
2020,5,10,0.050799386960686956,4.44894309413708,17.228589217557236,22.81372870509659,24.871430294514372,11.827520884145665,64.9137482171682,76.74126910131386
2020,5,11,0.1250149772384039,10.948646291320006,42.39877324797981,56.14354710614335,61.20745698292097,29.106990115104715,159.74977733704412,188.85676745214883
2020,5,12,0.1273841460445986,11.15613496056935,43.20227578198737,57.2075279459689,62.367404382773586,29.65859900666466,162.77720811072984,192.43580711739452
2020,5,13,0.10958783152366178,9.597557282254511,37.16666372420971,49.21529977704677,53.65431112341551,25.515118263086503,140.036274624672,165.55139288775848
2020,5,14,0.14688846598395217,12.864297493459295,49.81715710846812,65.96681206918386,71.91673879086262,34.19975127671625,187.7007079685146,221.90045924523088
2020,5,15,0.15851392221899263,13.882439568147936,53.75992535673774,71.18774130646736,77.60857370641853,36.90648327948712,202.55624036962362,239.46272364911073
2020,5,16,0.12859627892218498,11.262291954138783,43.61337010171216,57.7518902361122,62.960865843163305,29.94081750932323,164.32612618098767,194.2669436903109
2020,5,17,0.14633749649414343,12.816044314564099,49.63029605404777,65.71937466457327,71.64698358159457,34.071470139144175,186.99665430021562,221.0681244393598
2020,5,18,0.1499187981779209,13.129689977382874,50.844892907780114,67.32771779454212,73.40039244183691,34.905297533362685,191.57300314415914,226.47830067752182
2020,5,19,0.14947802258607337,13.091087434266715,50.69540406424382,67.12976787085364,73.18458827442247,34.80267262330502,191.00976020951992,225.81243283282495
2020,5,20,0.1500840890248637,13.144165931051432,50.900951224106215,67.4019490159253,73.48131900461733,34.94378187463431,191.78421924464885,226.72800111928314
2020,5,21,0.146337496494142,12.8160443145641,49.63029605404777,65.71937466457327,71.64698358159458,34.071470139144175,186.99665430021562,221.0681244393598
2020,5,22,0.07382991163484263,6.465925971956282,25.039381292328308,33.15661221781934,36.14719804191894,17.189672434658565,94.34319155206659,111.53286398672515
2020,5,23,0.10132328917647618,8.87375959882657,34.363747907904305,45.50373870788789,49.60798298439474,23.590901199505314,129.47546960018693,153.06637079969224
2020,5,24,0.07663985603288716,6.712017184321781,25.99237266987215,34.41854298133336,37.52294960918601,17.843906236276176,97.93386526039151,115.7777714966677
2020,5,25,0.11917470064639585,10.437162595030928,40.41804607112399,53.52071061727108,58.34805176467962,27.747210056840675,152.28680845307468,180.03401850991537
2020,5,26,0.1484311805554284,12.999406394365845,50.34036806084514,66.65963680209352,72.67205337681317,34.558938461918075,189.67205823975183,224.2309967016699
2020,5,27,0.1462273025961781,12.806393678785062,49.59292384316369,65.66988718365116,71.59303253974096,34.04581391162976,186.85584356655582,220.90165747818557
2020,5,28,0.16622749507636522,14.55798407268068,56.375980118622785,74.65186497101564,81.38514663617124,38.70241920549623,212.41299172580966,251.1154109313059
2020,5,29,0.16589691338247767,14.529032165343564,56.26386348597057,74.5034025282493,81.22329351061042,38.625450522952974,211.99055952483027,250.61601004778325
2020,5,30,0.16126876966805362,14.123705462623915,54.69423062883954,72.42492832952031,78.95734975275879,37.54788896734752,206.07650871111863,243.62439767846618
2020,5,31,0.15801804967816033,13.839011707142257,53.59175040775941,70.96504764231783,77.36579401807727,36.79103025567225,201.9225920681545,238.71362232382674
2020,6,1,0.1568059168005727,13.732854713572824,53.18065608803462,70.42068535217452,76.77233255768756,36.508811753013674,200.3736739978967,236.88248575091038
2020,6,2,0.14848627750440765,13.004231712255365,50.35905416628717,66.68438054255458,72.69902889773998,34.571766575675284,189.74246360658174,224.314230182257
2020,6,3,0.11432616913604686,10.0125346207532,38.77366879222482,51.34326145669786,55.97420592312075,26.618336046206377,146.09113617204343,172.7094722182498
2020,6,4,0.03801689479704243,3.329469343768527,12.893412755004872,17.07318091813084,18.613109439495563,8.851398492473432,48.57970311263128,57.431101605104715
2020,6,5,0.05955980184870364,5.216168638570698,20.19967998284097,26.747983438405,29.1605381218764,13.867190971541723,76.10820154312236,89.9753925146641
2020,6,6,0.12203974199341892,10.688079125285947,41.389723554109864,54.807385121246156,59.75077885287349,28.414271972215488,155.9478875282295,184.362159500445
2020,6,7,0.10584123899293561,9.269435665767178,35.89600855415126,47.53272542569474,51.81997570039276,24.642806527596363,135.24870968023876,159.8915162078351
2020,6,8,0.08181896923712012,7.165597065936625,27.748866581423542,36.74445458467292,40.05864857630569,19.049748929453717,104.55196974240215,123.60171867185588
2020,6,9,0.053829719154657306,4.714335578060661,18.25632501686922,24.17463443045484,26.355083945488655,12.533067140792099,68.78604339281272,81.31911053360481
2020,6,10,0.06782434419588906,5.93996632199864,23.00259579914638,30.45954450756388,33.20686626089717,15.791408035122911,86.66900656760744,102.46041460273034
2020,6,11,0.08721847023728177,7.6384782191095475,29.58010491474307,39.16934114985673,42.7022496271326,20.306904077660096,111.45169569173241,131.7585997693925
2020,6,12,0.08501459227803274,7.445465503528762,28.832660697061634,38.17959153141436,41.62322879006039,19.793779527371775,108.63548101853638,128.42926054590816
2020,6,13,0.14628239954516079,12.81121899667458,49.611609948605725,65.6946309241122,71.62000806066777,34.058642025386966,186.9262489333857,220.98489095877267
2020,6,14,0.10765943830931693,9.428671156121325,36.51265003373845,48.349268860909696,52.710167890977324,25.066134281584226,137.5720867856255,162.63822106720968
2020,6,15,0.12716375824867082,11.136833689011272,43.127531360219216,57.108552984124664,62.25950229906637,29.60728655163582,162.49558664341023,192.10287319504607
2020,6,16,0.11267326066660871,9.86777508406761,38.21308562896373,50.600949242866086,55.1649402953166,26.233492633490144,143.97897516714642,170.21246780063655
2020,6,17,0.07338913604299314,6.427323428840123,24.889892448792022,32.95866229413086,35.931393874504494,17.0870475246009,93.77994861742738,110.86699614202828
2020,6,18,0.11487713862586024,10.060787799648397,38.96052984664517,51.590698861308454,56.24396113238881,26.74661718377846,146.79518984034243,173.54180702412089
2020,6,19,0.11355481185030929,9.944980170299926,38.51206331603631,50.99684909024303,55.596548630145485,26.43874245360547,145.10546103642483,171.5442034900303
2020,6,20,0.12418852300368709,10.87626652297721,42.11848166634927,55.77239099922746,60.80282416901888,28.91456840874659,158.6936968345956,187.6082652433422
2020,6,21,0.10859608644199731,9.510701560243158,36.83031382625306,48.769912448747704,53.168751746733015,25.284212215456762,138.76897802173377,164.05319023719053
2020,6,22,0.13002879959569677,11.387750219266293,44.09920884320509,58.39522748809974,63.66222938726024,30.274348467010636,166.15666571856508,196.4310141855757
2020,6,23,0.16413381101507885,14.374621992878936,55.665908111825416,73.71160283349539,80.36007684095266,38.21495088272233,209.73758778627345,247.9525386689958
2020,6,24,0.1655112347396105,14.495254940116928,56.133060747876314,74.33019634502188,81.03446486412278,38.53565372665253,211.49772195702099,250.0333756836735
2020,6,25,0.16622749507636453,14.557984072680682,56.375980118622785,74.65186497101564,81.38514663617124,38.70241920549623,212.4129917258097,251.11541093130592
2020,6,26,0.114877138625859,10.060787799648397,38.96052984664517,51.590698861308454,56.243961132388804,26.74661718377846,146.79518984034243,173.5418070241209
2020,6,27,0.10804511695218823,9.462448381347965,36.643452771832706,48.52247504413711,52.89899653746497,25.155931077884684,138.06492435343478,163.22085543131945
2020,6,28,0.10192935561527096,8.926838095611284,34.5692950677667,45.77591985295954,49.90471371458959,23.7320104508346,130.24992863531583,153.98193908615042
2020,6,29,0.11586888370752095,10.147643521659749,39.296879744601824,52.03608618960752,56.7295205090713,26.9775232314082,148.06248644328065,175.04000967468883
2020,6,30,0.07994567297175866,7.001536257692957,27.11353899639431,35.903167408996914,39.14148086479432,18.613593061708652,102.15818727018555,120.77178033189419
2020,7,1,0.06573066013459963,5.756604242196896,22.292523792349005,29.519282370043634,32.18179646567858,15.303939712349012,83.99360262807122,99.29754234042024
2020,7,2,0.0948769461456699,8.309197405752775,32.177473571186084,42.608721073943954,46.45184703595852,22.09001188991199,121.23804168108856,143.32805357100057
2020,7,3,0.09669514546205212,8.46843289610692,32.79411505077327,43.425264509158914,47.3420392265431,22.513339643899855,123.56141878647529,146.07475843037514
2020,7,4,0.07542772315529955,6.60586019075235,25.581278350147358,33.874180691190055,36.929488148796295,17.5616877336176,96.3849471901337,113.9466349237513
2020,7,5,0.08011096381870145,7.016012211361516,27.169597312720423,35.97739863038009,39.22240742757473,18.65207740298028,102.36940337067524,121.02148077365551
2020,7,6,0.11355481185030947,9.944980170299926,38.512063316036304,50.99684909024303,55.596548630145485,26.438742453605467,145.10546103642483,171.5442034900303
2020,7,7,0.11019389796245531,9.650635779039227,37.37221088407211,49.487480922118415,53.95104185361037,25.656227514415793,140.8107336598009,166.4669611742167
2020,7,8,0.0456202737564531,3.9953632125222365,15.47209530600585,20.48781710175702,22.335731327394683,10.621678190968126,58.295643735157554,68.91732192612568
2020,7,9,0.09867863562537676,8.642144340129631,33.466814846686574,44.31603916575705,48.313157979908084,22.975151739159337,126.0960119923517,149.07116373151104
2020,7,10,0.08611653125765555,7.541971861319156,29.206382805902354,38.67446634063555,42.1627392085965,20.050341802515938,110.0435883551344,130.09393015765033
2020,7,11,0.12165406335054887,10.65430190005931,41.25892081601561,54.63417893801874,59.56195020638585,28.324475175915033,155.45504996042018,183.77952513633522
2020,7,12,0.140607413800091,12.314211254054058,47.68694108807601,63.14602565662311,68.84152940520683,32.73734630839455,179.67449614990596,212.41184245830053
2020,7,13,0.14325206735119508,12.545826512751004,48.58387414929375,64.33372519875395,70.13635440969348,33.35309576874053,183.05395375774117,216.4070495264817
2020,7,14,0.06699788996117044,5.8675865536558485,22.722304217515838,30.088388400647993,32.8022334469951,15.598986328764791,85.61292606515893,101.21191239392373
2020,7,15,0.08931215429856798,7.821840298911293,30.290176921540443,40.10960328737698,43.7273194223512,20.794372400433993,114.12709963126862,134.92147203170262
2020,7,16,0.0471078913789447,4.125646795539264,15.976620152940821,21.155898094205618,23.064070392418426,10.968037262412743,60.19658863956487,71.16462590197762
2020,7,17,0.07168113062457501,6.277738574265015,24.310623180088903,32.19160633983803,35.09515272577353,16.689375998127463,91.59738224570047,108.28675824382793
2020,7,18,0.12440891079961236,10.895567794535289,42.19322608811741,55.8713659610717,60.9107262527261,28.96588086377543,158.97531830191522,187.94119916569065
2020,7,19,0.13394068297336287,11.730347789422186,45.42592232958965,60.152033060834945,65.57749137306341,31.185144543772395,171.155446763488,202.34059130726038
2020,7,20,0.11113054609513551,9.732666183161063,37.68987467658672,49.90812450995642,54.409625709366054,25.87430544828832,142.0076248959092,167.8819303441975
2020,7,21,0.15316951816781366,13.414383732864529,51.947373128860235,68.78759848174461,74.9919481765184,35.66215624503795,195.72691978712325,231.3890760321612
2020,7,22,0.13878921448371453,12.15497576369991,47.07029960848883,62.329482221408156,67.95133721462226,32.31401855440669,177.35111904451924,209.66513759892592
2020,7,23,0.13763217855510887,12.053644088020002,46.67789139420607,61.809863671725914,67.38485127515936,32.04462816550532,175.87260634109134,207.91723450659666
2020,7,24,0.08198426008406436,7.180073019605183,27.804924897749647,36.8186858060561,40.13957513908611,19.088233270725343,104.76318584289186,123.8514191136172
2020,7,25,0.07212190621642485,6.316341117381174,24.46011202362519,32.3895562635265,35.31095689318798,16.792000908185127,92.16062518033968,108.9526260885248
2020,7,26,0.10099270748258807,8.844807691489452,34.25163127525209,45.35527626512154,49.446129858833906,23.51393251696207,129.05303739920754,152.5669699161696
2020,7,27,0.10473930001331334,9.172929307976787,35.52228644531054,47.03785061647356,51.28046528185666,24.386244252452208,133.84060234364077,158.22684659609297
2020,7,28,0.10622691763580602,9.303212890993818,36.02681129224552,47.70593160892216,52.008804346880396,24.73260332389682,135.74154724804808,160.4741505719449
2020,7,29,0.13416107076928852,11.749649060980264,45.5006667513578,60.25100802267918,65.68539345677063,31.236456998801224,171.4370682308076,202.67352522960883
2020,7,30,0.14617220564719668,12.80156836089554,49.57423773772166,65.64514344319008,71.56605701881416,34.03298579787255,186.7854381997259,220.81842399759844
2020,7,31,0.13614456093261298,11.92336050500297,46.173366547271094,61.14178267927731,66.65651221013562,31.698269094060713,173.97166143668403,205.66993053074475
2020,8,1,0.11675043489122064,10.224848607892065,39.5958574316744,52.43198603698446,57.161128843900194,27.182773051523533,149.18897231255906,176.37174536408259
2020,8,2,0.08881628175773565,7.778412437905618,30.12200197256212,39.886909623227446,43.48453973400995,20.67891937661912,113.49345132979951,134.17237070641863
2020,8,3,0.09774198749269727,8.560113936007797,33.14915105417196,43.89539557791904,47.8545741241524,22.7570738052868,124.89912075624339,147.6561945615302
2020,8,4,0.12964312095282834,11.353972994039655,43.968406105110844,58.22202130487233,63.473400740772604,30.184551670710174,165.66382815075576,195.84837982146595
2020,8,5,0.14369284294304385,12.584429055867158,48.73336299283004,64.53167512244242,70.35215857710793,33.4557206787982,183.6171966923804,217.0729173711786
2020,8,6,0.13091035077939717,11.464955305498606,44.39818653027767,58.791127335476695,64.09383772208912,30.47959828712596,167.2831515878435,197.76274987496944
2020,8,7,0.1396156687184296,12.227355532042704,47.35059119011937,62.70063832832404,68.35597002852434,32.506440260764805,178.40719954696775,210.91363980773255
2020,8,8,0.12832079417727935,11.238165364691184,43.519939574501976,57.628171533806906,62.82598823852928,29.87667694053719,163.97409934683816,193.85077628737534
2020,8,9,0.09278326208438531,8.12583532595103,31.467401564388716,41.66845893642371,45.42677724073993,21.602543567138092,118.56263774155235,140.16518130869045
2020,8,10,0.09652985461510914,8.453956942438364,32.73805673444717,43.351033287775735,47.26111266376268,22.474855302628228,123.35020268598558,145.82505798861382
2020,8,11,0.08595124041071293,7.527495907650597,29.150324489576242,38.60023511925237,42.081812645816086,20.01185746124431,109.8323722546447,129.844229715889
2020,8,12,0.10385774882961545,9.095724221744474,35.22330875823796,46.64195076909661,50.84885694702777,24.18099443233688,132.71411647436236,156.89511090669924
2020,8,13,0.09454636445178466,8.280245498415658,32.06535693853387,42.46025863117761,46.2899939103977,22.013043207368746,120.81560948010917,142.82865268747793
2020,8,14,0.08402284719636986,7.358609781517409,28.496310799104982,37.73420420311529,41.13766941337791,19.56287347974203,107.36818441559818,126.9310578953402
2020,8,15,0.07900902483907737,6.919505853571126,26.795875203879703,35.48252382115891,38.68289700903863,18.395515127836113,100.96129603407724,119.35681116191336
2020,8,16,0.08429833194127817,7.3827363709650085,28.589741326315163,37.85792290542059,41.27254701801193,19.62701404852807,107.72021124974768,127.34722529827576
2020,8,17,0.09652985461511093,8.453956942438364,32.73805673444717,43.351033287775735,47.26111266376268,22.474855302628228,123.3502026859856,145.82505798861382
2020,8,18,0.08567575566580624,7.503369318202999,29.056893962366065,38.47651641694707,41.94693504118206,19.947716892458274,109.4803454204952,129.42806231295347
2020,8,19,0.08721847023728266,7.638478219109548,29.580104914743075,39.16934114985673,42.7022496271326,20.306904077660093,111.4516956917324,131.7585997693925
2020,8,20,0.08473910753312479,7.421338914081165,28.739230169851453,38.05587282910906,41.48835118542637,19.729638958585742,108.28345418438688,128.01309314297262
2020,8,21,0.09515243089058016,8.333323995200374,32.27090409839627,42.73243977624926,46.58672464059255,22.154152458698032,121.59006851523809,143.7442209739361
2020,8,22,0.08964273599245429,7.850792206248412,30.40229355419266,40.258065730143336,43.88917254791203,20.87134108297724,114.54953183224802,135.42087291522526
2020,8,23,0.06429813946108998,5.631145977069387,21.806685050856075,28.875945118056094,31.480432921581645,14.970408754661609,82.16306309049381,97.13347184515543
2020,8,24,0.073885008583826,6.4707512898458015,25.058067397770348,33.1813559582804,36.174173562845745,17.20250054841578,94.41359691889649,111.61609746731227
2020,8,25,0.05068919306272521,4.439292458358042,17.191217006673167,22.76424122417447,24.817479252660764,11.801864656631254,64.7729374835084,76.57480214013965
2020,8,26,0.05146055034846351,4.506846908811317,17.45282248286167,23.1106535906293,25.195136545636032,11.981458249232166,65.758612619127,77.74007086835917
2020,8,27,0.08727356718626317,7.643303536999069,29.59879102018511,39.19408489031779,42.729225148059406,20.3197321914173,111.52210105856231,131.8418332499796
2020,8,28,0.07730101942066103,6.76992099899602,26.216605935176585,34.71546786686607,37.84665586030767,17.99784360136267,98.77872966235033,116.77657326371299
2020,8,29,0.06165348590999057,5.3995307183724455,20.90975198963834,27.68824557592525,30.185607917095,14.354659294315624,78.78360548265859,93.13826477697421
2020,8,30,0.06942215571634654,6.079900540794711,23.544492856965427,31.177112980934602,33.989156367774534,16.16342333408194,88.71076220567456,104.8741855397565
2020,8,31,0.05570301542001913,4.878396386304327,18.89165260189845,25.015921606130856,27.27225165700003,12.969223008537176,71.17982586502933,84.14904887356651
2020,9,1,0.07168113062457537,6.27773857426502,24.310623180088903,32.19160633983803,35.095152725773545,16.68937599812747,91.59738224570049,108.28675824382795
2020,9,2,0.0849043983800717,7.435814867749724,28.795288486177558,38.13010405049224,41.56927774820679,19.768123299857358,108.49467028487658,128.26279358473394
2020,9,3,0.04000038496036708,3.5031807877912353,13.566112550918174,17.96395557472898,19.584228192860557,9.313210587732925,51.11429631850771,60.42750690624064
2020,9,4,0.04870570289940414,4.265581014335335,16.518517210759867,21.873466567576337,23.846360499295777,11.340052561371772,62.23834427763198,73.57839683900376
2020,9,5,0.0808272241554578,7.078741343925274,27.41251668346689,36.29906725637386,39.573089199623205,18.818842881823983,103.28467313946396,122.10351602128793
2020,9,6,0.07983547907379547,6.991885621913922,27.07616678551024,35.8536799280748,39.08752982294071,18.587936834194235,102.01737653652575,120.60531337071998
2020,9,7,0.0992847020641719,8.695222836914345,33.67236200654897,44.588220310828696,48.60988871010294,23.116260990488627,126.8704710274806,149.98673201796925
2020,9,8,0.06622653267543249,5.800032103202576,22.460698741327338,29.741976034193165,32.42457615401983,15.419392736163884,84.62725092954034,100.04664366570422
2020,9,9,0.07030370690004586,6.157105627027028,23.843470544038006,31.57301282831155,34.42076470260341,16.36867315419727,89.83724807495297,106.20592122915023
2020,9,10,0.10203954951323574,8.936488731390325,34.606667278650775,45.82540733388166,49.9586647564432,23.757666678349022,130.39073936897563,154.14840604732464
2020,9,11,0.08170877533915928,7.155946430157587,27.71149437053947,36.69496710375081,40.004697534452085,19.024092701939306,104.41115900874236,123.43525171068167
2020,9,12,0.09316894072725589,8.159612551177668,31.59820430248297,41.841665119651125,45.615605887227574,21.69234036343855,119.05547530936167,140.74781567280021
2020,9,13,0.0947667522477094,8.299546769973738,32.14010136030201,42.559233593021844,46.397895994104914,22.06435566239758,121.09723094742877,143.16158660982634
2020,9,14,0.09394029801299149,8.227167001630946,31.859809778671476,42.18807748610595,45.99326318020284,21.87193395603946,120.04115044498027,141.91308440101974
2020,9,15,0.08782453667607619,7.691556715894264,29.785652074605473,39.44152229492838,42.99898035732746,20.448013328989386,112.22615472686131,132.67416805585069
2020,9,16,0.08143329059425437,7.131819840709989,27.61806384332929,36.57124840144551,39.86981992981806,18.95995213315326,104.05913217459286,123.01908430774613
2020,9,17,0.09757669664575501,8.545637982339237,33.09309273784585,43.82116435653586,47.77364756137198,22.71858946401518,124.6879046557537,147.40649411976887
2020,9,18,0.09118545056392999,7.985901107154961,30.92550450656967,40.95089046305299,44.644487133862576,21.230528268179064,116.52088210348523,137.7514103716643
2020,9,19,0.08143329059425383,7.13181984070999,27.61806384332929,36.57124840144551,39.869819929818064,18.959952133153266,104.05913217459286,123.01908430774613
2020,9,20,0.07537262620631689,6.60103487286283,25.56259224470532,33.849436950729,36.90251262786949,17.548859619860398,96.31454182330381,113.86340144316422
2020,9,21,0.08947744514551381,7.836316252579857,30.346235237866555,40.18383450876016,43.80824598513162,20.832856741705623,114.33831573175834,135.17117247346397
2020,9,22,0.08661240379848967,7.585399722324834,29.374557754880684,38.89716000478508,42.40551889693775,20.16579482633081,110.67723665660351,130.84303148293432
2020,9,23,0.056584566603717024,4.95560147253664,19.19063028897103,25.411821453507805,27.703859991828917,13.174472828652496,72.30631173430776,85.48078456296025
2020,9,24,0.07002822215513864,6.13297903757943,23.75004001682782,31.449294126006258,34.285887097969386,16.304532585411227,89.48522124080347,105.78975382621469
2020,9,25,0.04330620189924232,3.792699861162411,14.687278877440333,19.448580002392532,21.202759448468868,10.082897413165393,55.338618328301735,65.42151574146713
2020,9,26,0.036143598531683106,3.165408535524865,12.258085169975647,16.231893742454837,17.695941727984195,8.41524262472837,46.18592064041468,54.60116326514305
2020,9,27,0.036088501582700806,3.160583217635343,12.239399064533613,16.207150001993778,17.668966207057387,8.402414510971157,46.11551527358478,54.51792978455594
2020,9,28,0.018071799265839406,1.5827042677624314,6.129042584987821,8.115946871227413,8.84797086399209,4.207621312364182,23.092960320207325,27.300581632571507
2020,9,29,0.055152045930207186,4.830143207409132,18.704791547478088,24.768484201520266,27.002496447731986,12.840941870965098,70.47577219673035,83.31671406769544
2020,9,30,0.037631216154175785,3.2956921185418944,12.762610016910623,16.899974734903434,18.424280793007934,8.761601696172985,48.08686554482199,56.84846724099497
2020,10,1,0.02286523382720787,2.002506924150634,7.75473375844496,10.268652291339567,11.194841184624138,5.323667209241267,29.218227234408666,34.54189444364993
2020,10,2,0.025069111786457078,2.1955196397314194,8.5021779761264,11.258401909781934,12.27386202169635,5.836791759529584,32.03444190760469,37.87123366713427
2020,10,3,0.023856978908868044,2.0893626461619883,8.091083656401608,10.71403961963863,11.680400561306637,5.5545732568710084,30.485523837346875,36.040097094217884
2020,10,4,0.04022077275629343,3.5224820593493145,13.640856972686317,18.06293053657322,19.692130276567777,9.364523042761757,51.395917785827315,60.76044082858907
2020,10,5,0.03190113346012784,2.7938590580318543,10.819255050938873,14.326625726953278,15.618826616620195,7.427477865423359,40.76470739451235,48.192185259935705
2020,10,6,0.04093703309304942,3.585211191913071,13.883776343432785,18.38459916256699,20.04281204861625,9.53128852160546,52.311187554616026,61.84247607622148
2020,10,7,0.03851276733787636,3.3728972047742065,13.061587703983198,17.295874582280383,18.855889127836818,8.966851516288312,49.2133514141004,58.18020293038872
2020,10,8,0.027548474490611007,2.412658944759806,9.343052721018024,12.3718702305296,13.487760463402584,6.414056878603942,35.20268341495021,41.61674029355415
2020,10,9,0.04242465071554139,3.715494774930102,14.388301190367757,19.05268015501559,20.771151113639988,9.877647593050074,54.21213245902334,64.08978005207341
2020,10,10,0.05559282152205685,4.868745750525289,18.854280391014377,24.966434125208735,27.218300615146426,12.94356678102276,71.03901513136954,83.9825819123923
2020,10,11,0.04721808527691038,4.135297431318307,16.013992363824894,21.20538557512774,23.11802143427204,10.99369348992716,60.33739937322468,71.33109286315184
2020,10,12,0.03972490021546254,3.4790541983436376,13.472682023707993,17.840236872423684,19.449350588226533,9.249070018946886,50.76226948435821,60.011339503305095
2020,10,13,0.0316256487152224,2.7697324685842566,10.725824523728692,14.20290702464798,15.483949011986171,7.363337296637326,40.412680560362844,47.77601785700017
2020,10,14,0.03129506702133538,2.740780561247137,10.613707891076473,14.054444581881627,15.32209588642534,7.286368614094075,39.990248359383436,47.276616973477516
2020,10,15,0.026611826357929916,2.330628540637972,9.025388928503407,11.951226642691593,13.029176607646894,6.1959789447314035,34.005792178841894,40.2017711235733
2020,10,16,0.025454790429325334,2.2292968649580596,8.632980714220652,11.43160809300935,12.46269066818399,5.926588555830041,32.52727947541399,38.453868031244035
2020,10,17,0.029917643296804623,2.6201476140091473,10.146555255025573,13.435851070355147,14.647707863255206,6.965665770163879,38.23011418863592,45.195779958799804
2020,10,18,0.028319831776347337,2.480213395213079,9.604658197206527,12.718282596984428,13.86541775637786,6.593650471204851,36.188358550568815,42.78200902177367
2020,10,19,0.043030717154336706,3.768573271714816,14.593848350230157,19.32486130008724,21.067881843834844,10.018756844379364,54.986591494152236,65.0053483385316
2020,10,20,0.017796314520933613,1.5585776783148313,6.03561205777764,7.992228168922121,8.713093259358066,4.143480743578141,22.740933486057827,26.884414229635965
2020,10,21,0.041212517837957006,3.609337781360669,13.977206870642966,18.508317864872282,20.17768965325027,9.595429090391502,52.66321438876552,62.258643479157016
2020,10,22,0.027823959235516803,2.436785534207401,9.436483248228203,12.495588932834895,13.622638068036611,6.478197447389976,35.554710249099706,42.03290769648969
2020,10,23,0.026887311102836604,2.3547551300855676,9.118819455713592,12.074945344996888,13.164054212280922,6.2601195135174414,34.3578190129914,40.617938526508844
2020,10,24,0.024793627041549138,2.1713930502838226,8.408747448916218,11.13468320747664,12.138984417062328,5.7726511907435425,31.682415073455186,37.45506626419873
2020,10,25,0.013388558602435728,1.1725522471532606,4.540723622414754,6.012728932037383,6.555051585213649,3.117231643001509,17.108504139665786,20.225735782667293
2020,10,26,0.03388462362345338,2.9675705020545573,11.49195484685217,15.21740038355141,16.58994536998518,7.889289960682845,43.29930060038876,51.18859056107161
2020,10,27,0.023967172806831936,2.099013281941028,8.12845586728568,10.76352710056075,11.734351603160249,5.580229484385425,30.626334571006677,36.20656405539211
2020,10,28,0.032341909051978576,2.8324616011480104,10.96874389447516,14.524575650641752,15.83463078403464,7.53010277548103,41.327950329151555,48.85805310463258
2020,10,29,0.019834901633240205,1.7371144402270577,6.726997959132975,8.907746565981311,9.711187533649865,4.618120952594833,25.34593205876415,29.96405301135898
2020,10,30,0.0198899985822209,1.7419397581165745,6.745684064575012,8.93249030644237,9.738163054576665,4.630949066352041,25.416337425594044,30.047286491946085
2020,10,31,0.043967365287017626,3.85060367583665,14.911512142744773,19.74550488792525,21.52646569959053,10.236834778251891,56.18348273026056,66.42031750851245
2020,11,1,0.016088309102515654,1.4089928237397242,5.456342789074524,7.225172214629284,7.876852110627108,3.7458092171046955,20.558367114330917,24.304176331435613
2020,11,2,0.020330774174070563,1.780542301232736,6.895172908111297,9.130440230130842,9.95396722199111,4.733573976409705,25.97958036023325,30.713154336642955
2020,11,3,0.03421520531733969,2.996522409391678,11.604071479504386,15.365862826317766,16.751798495546016,7.966258643226099,43.72173280136817,51.68799144459427
2020,11,4,0.04187368122573231,3.667241596034904,14.2014401359474,18.805242750404997,20.50139590437194,9.749366455477995,53.50807879072433,63.25744524620233
2020,11,5,0.04407755918497883,3.8602543116156913,14.948884353628841,19.794992368847367,21.580416741444147,10.262491005766309,56.324293463920355,66.58678446968666
2020,11,6,0.042204262919619866,3.6961935033720232,14.313556768599618,18.953705193171352,20.663249029932768,9.826335138021244,53.93051099170374,63.756846129724984
2020,11,7,0.036584374123533485,3.204011078641021,12.407574013511937,16.429843666143313,17.91174589539864,8.517867534786035,46.749163575053885,55.26703110983992
2020,11,8,0.02650163245996871,2.320977904858932,8.988016717619338,11.90173916176948,12.97522556579329,6.170322717216988,33.8649814451821,40.03530416239909
2020,11,9,0.024628336194607595,2.156917096615264,8.352689132590113,11.060451986093462,12.058057854281913,5.734166849471918,31.471198972965485,37.2053658224374
2020,11,10,0.02165310094962009,1.896349930581206,7.343639438720166,9.724290001196264,10.601379724234429,5.041448706582699,27.669309164150857,32.71075787073356
2020,11,11,0.020385871123051076,1.7853676191222538,6.913859013553336,9.155183970591901,9.980942742917915,4.746402090166911,26.049985727063152,30.796387817230062
2020,11,12,0.028154540929405617,2.46573744154452,9.54859988088042,12.644051375601252,13.784491193597447,6.55516612993323,35.97714245007912,42.532308580012355
2020,11,13,0.015151660969834202,1.3269624196178922,5.138678996559911,6.804528626791278,7.418268254871418,3.527731283232162,19.361475878222606,22.88920716145477
2020,11,14,0.024683433143588646,2.1617424145047845,8.371375238032147,11.08519572655452,12.085033375208717,5.746994963229133,31.541604339795384,37.28859930302452
2020,11,15,0.014600691480024047,1.2787092407226939,4.951817942139551,6.557091222180687,7.1485130456033685,3.3994501456600816,18.657422209923606,22.05687235558369
2020,11,16,0.015647533510666348,1.370390280623567,5.306853945538234,7.027222290940811,7.661047943212667,3.643184307047034,19.99512417969171,23.638308486738744
2020,11,17,0.018402380959729292,1.6116561750995464,6.241159217640037,8.264409313993772,9.009823989552926,4.284589994907429,23.515392521186737,27.799982516094165
2020,11,18,0.03465598090919114,3.035124952507837,11.753560323040675,15.56381275000624,16.967602662960456,8.068883553283762,44.284975736007375,52.35385928929114
2020,11,19,0.01724534503112113,1.5103244994196352,5.848751003357281,7.744790764311528,8.443338050090016,4.015199606006062,22.036879817758823,26.052079423764887
2020,11,20,0.02358149416396297,2.065236056714391,7.99765312919143,10.590320917333337,11.545522956672613,5.490432688084974,30.13349700319738,35.623929691282356
2020,11,21,0.023746785010908628,2.0797120103829494,8.053711445517537,10.664552138716516,11.626449519453027,5.528917029356596,30.34471310368708,35.873630133043676
2020,11,22,0.008209445398200442,0.7189723655384168,2.784229710863368,3.686817328697816,4.019352618093963,1.9113889498239682,10.490399657655146,12.401788607479116
2020,11,23,0.01741063587806661,1.5248004530881953,5.904809319683389,7.819021985694705,8.524264612870432,4.0536839472776895,22.248095918248527,26.301779865526214
2020,11,24,0.0236916880619265,2.074886692493432,8.0350253400755,10.639808398255454,11.599473998526223,5.516088915599388,30.27430773685718,35.790396652456565
2020,11,25,0.019063544347501907,1.6695599897737836,6.465392482944469,8.561334199526485,9.33353024067459,4.438527359993926,24.360256923145542,28.79878428313947
2020,11,26,0.02137761620471483,1.8722233411336058,7.2502089115099855,9.600571298890971,10.466502119600404,4.977308137796657,27.317282330001362,32.29459046779802
2020,11,27,0.017961605367879274,1.5730536319833914,6.091670374103749,8.066459390305297,8.794019822138486,4.181965084849765,22.95214958654753,27.134114671397295
2020,11,28,0.026942408051818193,2.3595804479750897,9.13750556115563,12.09968908545795,13.191029733207731,6.272947627274656,34.42822437982131,40.70117200709596
2020,11,29,0.013388558602435907,1.1725522471532628,4.540723622414754,6.012728932037384,6.555051585213652,3.117231643001509,17.10850413966579,20.2257357826673
2020,11,30,0.01460069148002351,1.278709240722695,4.951817942139551,6.557091222180686,7.1485130456033685,3.399450145660086,18.657422209923606,22.056872355583693
2020,12,1,0.013498752500399443,1.1822028829323017,4.578095833298829,6.062216412959503,6.609002627067264,3.1428878705159233,17.249314873325595,20.39220274384152
2020,12,2,0.007327894214502728,0.6417672793061059,2.4852520237907902,3.29091748132087,3.5877442832650823,1.7061391297086428,9.363913788376742,11.070052918085384
2020,12,3,0.0050689193062724664,0.4439292458357994,1.7191217006673118,2.2764241224174406,2.481747925266066,1.1801864656631176,6.477293748350818,7.657480214013936
2020,12,4,0.0145455945310421,1.2738839228331738,4.9331318366975125,6.532347481719626,7.12153752467656,3.3866220319028755,18.587016843093696,21.973638874996574
2020,12,5,0.01427010978613577,1.2497573333855758,4.839701309487332,6.408628779414331,6.9866599200425386,3.3224814631168345,18.2349900089442,21.557471472061035
2020,12,6,0.012947783010586066,1.1339497040371056,4.391234778878469,5.814779008348911,6.339247417799211,3.0146067329438453,16.54526120502659,19.559867937970434
2020,12,7,0.01316817080651206,1.1532509755951825,4.46597920064661,5.913753970193146,6.447149501506435,3.065919187972678,16.82688267234619,19.89280186031887
2020,12,8,0.016418890796403213,1.4379447310768412,5.56845942172674,7.373634657395642,8.038705236187939,3.8227778996479476,20.98079931531032,24.803577214958267
2020,12,9,0.013113073857530473,1.1484256577056635,4.447293095204575,5.8890102297320865,6.420173980579631,3.0530910742154678,16.75647730551629,19.809568379731758
2020,12,10,0.013719140296324721,1.2015041544903808,4.652840255066972,6.161191374803738,6.716904710774486,3.194200325544758,17.530936340645194,20.725136666189954
2020,12,11,0.0058953735409907415,0.5163090141785945,1.9994132822978543,2.6475802293333284,2.8863807391681466,1.3726081720212349,7.533374250799329,8.905982422820564
2020,12,12,0.009641966071713325,0.8444306306659292,3.2700684523563033,4.330154580685354,4.7207161621909,2.244919907511374,12.320939195232558,14.565859102743932
2020,12,13,0.016308696898440573,1.4282940952978043,5.531087210842669,7.324147176473522,7.984754194334328,3.7971216721335264,20.83998858165052,24.637110253784044
2020,12,14,0.014049721990211744,1.2304560618274978,4.76495688771919,6.309653817570095,6.8787578363353195,3.271169008088008,17.953368541624606,21.224537549712615
2020,12,15,0.010854098949300391,0.9505876242353614,3.6811627720810995,4.874516870828661,5.3141776225806145,2.527138410169949,13.869857265490374,16.396995675660325
2020,12,16,0.015261854867797199,1.336613055396931,5.176051207443986,6.854016107713398,7.472219296725029,3.553387510746581,19.502286611882415,23.055674122628997
2020,12,17,0.018512574857689246,1.6213068108785864,6.27853142852411,8.313896794915891,9.063775031406536,4.310246222421846,23.656203254846538,27.966449477268384
2020,12,18,0.023636591112944378,2.0700613746039114,8.016339234633463,10.615064657794397,11.572498477599419,5.503260801842185,30.203902370027283,35.70716317186947
2020,12,19,0.009090996581900664,0.7961774517707331,3.083207397935944,4.082717176074765,4.450960952922851,2.1166387699392937,11.61688552693356,13.733524296872854
2020,12,20,0.014215012837155615,1.2449320154960557,4.821015204045297,6.383885038953271,6.959684399115731,3.3096533493596283,18.1645846421143,21.474237991473927
2020,12,21,0.003250719989892585,0.28469375548165426,1.1024802210801212,1.4598806872024872,1.5915557346814988,0.7568587116752584,4.1539166429641075,4.910775354639366
2020,12,22,0.010027644714581757,0.8782078558925673,3.400871190450557,4.503360763912769,4.909544808678538,2.3347167038118295,12.813776763041863,15.148493466853694
2020,12,23,0.009641966071713503,0.8444306306659292,3.2700684523563064,4.33015458068536,4.720716162190902,2.244919907511374,12.320939195232569,14.565859102743943
2020,12,24,0.005674985745065642,0.49700774262051767,1.9246688605297104,2.5486052674890916,2.778478655460927,1.321295716992404,7.251752783479729,8.573048500472133
2020,12,25,0.018016702316859427,1.5778789498729104,6.110356479545785,8.09120313076636,8.820995343065288,4.194793198606973,23.022554953377433,27.217348151984407
2020,12,26,0.015867921306591627,1.3896915521816473,5.381598367306379,7.126197252785049,7.768950026919887,3.6944967620758695,20.276745647011314,23.971242409087186
2020,12,27,0.0050138223572914154,0.4391039279462815,1.7004355952252752,2.251680381956382,2.4547724043392662,1.1673583519059136,6.406888381520924,7.574246733426837
2020,12,28,0.009862353867637707,0.8637319022240072,3.3448128741244485,4.429129542529594,4.828618245898124,2.296232362540205,12.602560662552168,14.898793025092372
2020,12,29,0.012947783010586602,1.1339497040371056,4.391234778878469,5.8147790083489115,6.3392474177992115,3.0146067329438497,16.54526120502659,19.55986793797044
2020,12,30,0.01278249216364327,1.1194737503685466,4.33517646255236,5.74054778696573,6.258320855018797,2.9761223916722246,16.334045104536887,19.31016749620911
2020,12,31,0.010743905051337928,0.9409369884563213,3.6437905611970254,4.825029389906543,5.260226580727008,2.5014821826555305,13.729046531830578,16.23052871448611
