ADMIN,ISO_A3,lat,lon
Zimbabwe,ZWE,-18.985879705297517,29.843124699413014
Zambia,ZMB,-13.43231380258344,27.787494049480824
Yemen,YEM,15.897309419518526,47.561772920222296
Vietnam,VNM,16.51686369026278,106.1115467965827
Venezuela,VEN,7.1093696449672406,-66.13360777226917
Vatican,VAT,41.90174976560383,12.433871728094688
Vanuatu,VUT,-16.21340230400043,167.642720544074
Uzbekistan,UZB,41.694004290790765,63.23972957851468
Uruguay,URY,-32.78206449562325,-56.01450212035973
Federated States of Micronesia,FSM,7.448289821441494,153.25868703256484
Marshall Islands,MHL,7.000875149813717,170.3259758033407
Northern Mariana Islands,MNP,15.81505965016111,145.5842982930665
United States Virgin Islands,VIR,17.95443056754183,-64.80233156346232
Guam,GUM,13.441624182394689,144.7677096485356
American Samoa,ASM,-14.304457277402877,-170.71800194215584
Puerto Rico,PRI,18.227987207603164,-66.47291014017237
United States of America,USA,42.608369945043925,-103.17142180124284
South Georgia and the Islands,SGS,-54.45178761945214,-36.473693642504706
British Indian Ocean Territory,IOT,-7.330592813510938,72.44538451156734
Saint Helena,SHN,-12.333276083295297,-9.635515117275219
Pitcairn Islands,PCN,-24.365001355645738,-128.3170355643913
Anguilla,AIA,18.223956253053252,-63.06499240055802
Falkland Islands,FLK,-51.743437289413436,-59.34967203619241
Cayman Islands,CYM,19.42873692664635,-80.91292570496695
Bermuda,BMU,32.31366360905272,-64.75457174461127
British Virgin Islands,VGB,18.525745513282384,-64.47148248461019
Turks and Caicos Islands,TCA,21.83045683986852,-71.97387945420742
Montserrat,MSR,16.739409288237105,-62.185175839024836
Jersey,JEY,49.21836189251762,-2.1268899242209094
Guernsey,GGY,49.468091308713,-2.5723987288747225
Isle of Man,IMN,54.2239950009865,-4.538970125915351
United Kingdom,GBR,53.971835248919334,-2.7740386983545857
United Arab Emirates,ARE,23.900136278725864,54.29073582069136
Ukraine,UKR,49.106239285174894,31.290101338621138
Uganda,UGA,1.2737682332581433,32.36281858915294
Turkmenistan,TKM,39.07270322492945,59.410023389446515
Turkey,TUR,39.02856085323617,35.162525568359605
Tunisia,TUN,34.07980682787789,9.55198204250702
Trinidad and Tobago,TTO,10.457039286083463,-61.26538362210084
Tonga,TON,-20.418094615650624,-174.7775468669088
Togo,TGO,8.519695041792096,0.9634022880804577
East Timor,TLS,-8.828670786896817,125.84410287392093
Thailand,THA,15.063780805706909,100.8903294820394
United Republic of Tanzania,TZA,-6.259327990744793,34.7804855213467
Tajikistan,TJK,38.51811887159931,71.01685980640642
Taiwan,TWN,23.74878663895223,120.94408330815139
Syria,SYR,35.00367507015022,38.48139261128697
Switzerland,CHE,46.79384184057709,8.20645342837449
Sweden,SWE,62.279542939675025,16.274491908404357
eSwatini,SWZ,-26.55690348475129,31.481335721875027
Suriname,SUR,4.128991818872064,-55.90689437813755
South Sudan,SSD,7.299714570337904,30.240719172683274
Sudan,SDN,15.92126824056653,29.878956556750307
Sri Lanka,LKA,7.610299846167733,80.69509741256331
Spain,ESP,40.152557152035264,-3.689458164380009
South Korea,KOR,36.36748885280722,127.81521324434003
South Africa,ZAF,-28.900675767187092,25.146257853088525
Somalia,SOM,4.730778845835873,45.6409483269176
Somaliland,-99,9.7312937812522,46.250009137624254
Solomon Islands,SLB,-8.917156071180521,159.60325480260533
Slovakia,SVK,48.7016692516294,19.47025014609807
Slovenia,SVN,46.113155202954296,14.80094904976469
Singapore,SGP,1.3587608276686107,103.81723229611463
Sierra Leone,SLE,8.56165908374521,-11.792039641163123
Seychelles,SYC,-4.660988469107154,55.4760070739443
Republic of Serbia,SRB,44.204349016493396,20.800487367993764
Senegal,SEN,14.359587479652825,-14.468402976500913
Saudi Arabia,SAU,23.99984140952956,44.57647365228576
São Tomé and Principe,STP,0.4438358153769496,6.724076664637092
San Marino,SMR,43.94185710900514,12.459215389395093
Samoa,WSM,-13.75309614630379,-172.16472495129838
Saint Vincent and the Grenadines,VCT,13.224663560396996,-61.201232951131175
Saint Lucia,LCA,13.894760118141619,-60.96964731049547
Saint Kitts and Nevis,KNA,17.26454935782412,-62.687431242312265
Rwanda,RWA,-1.990230754891225,29.919538635486106
Russia,RUS,60.00448507908211,92.88393779050534
Romania,ROU,45.825735970830536,24.975757477134117
Qatar,QAT,25.30446022039984,51.18374246078315
Portugal,PRT,39.557533623515276,-8.527021555655026
Poland,POL,52.07744826779265,19.40600726741956
Philippines,PHL,11.712955558380191,122.74557991143944
Peru,PER,-9.086354581143368,-74.27327325337423
Paraguay,PRY,-23.18938499287832,-58.40773729215344
Papua New Guinea,PNG,-6.4562326082371335,145.15749602348913
Panama,PAN,8.516598570633832,-80.11651925777471
Palau,PLW,7.285461970251562,134.39369695429878
Pakistan,PAK,29.816656172428637,69.10977097916327
Oman,OMN,20.571902557817655,56.04278829070321
Norway,-99,65.92178023357948,12.859278404505497
North Korea,PRK,40.12753094522535,127.13710657156722
Nigeria,NGA,9.575974705605894,8.077564035073783
Niger,NER,17.370143697078483,9.334008805985532
Nicaragua,NIC,12.842466069318135,-85.02340688291137
New Zealand,NZL,-41.63263136877886,171.49112752058863
Niue,NIU,-19.049444845491244,-169.8699026801689
Cook Islands,COK,-21.219270954525165,-159.78723675579022
Netherlands,NLD,51.96190465792413,4.915722242577515
Aruba,ABW,12.520872648021763,-69.98264959219954
Curaçao,CUW,12.195483428680912,-68.9710710233073
Nepal,NPL,28.239092479270546,83.9324177203685
Nauru,NRU,-0.5191258568782074,166.9325630902873
Namibia,NAM,-22.04027635661027,17.178755212486966
Mozambique,MOZ,-17.16457423758675,35.53252245248102
Morocco,MAR,29.675846428887777,-8.661650880944661
Western Sahara,ESH,24.19503791078472,-12.25662188597298
Montenegro,MNE,42.78688045485099,19.23832906506499
Mongolia,MNG,46.71838241239719,103.02004056420365
Moldova,MDA,47.18348339968995,28.46127157281108
Monaco,MCO,43.75274511416886,7.406274959701895
Mexico,MEX,23.756871540172376,-102.00424002159852
Mauritius,MUS,-20.277561018631378,57.571144781470565
Mauritania,MRT,20.18871637311718,-10.35658691670659
Malta,MLT,35.92141946569445,14.405338221974462
Mali,MLI,17.26794033964721,-3.5769570886956648
Maldives,MDV,3.7284118950056437,73.45557042761837
Malaysia,MYS,3.78693984330249,109.67427211479622
Malawi,MWI,-13.200600110419387,34.27190135916745
Madagascar,MDG,-19.296704723106302,46.68562282973591
North Macedonia,MKD,41.5930116652505,21.680451420694286
Luxembourg,LUX,49.76653413218361,6.072059004143311
Lithuania,LTU,55.314915298142445,23.89300044651105
Liechtenstein,LIE,47.136609371315494,9.535746635719388
Libya,LBY,26.931839184039614,18.035449604600313
Liberia,LBR,6.450699407512558,-9.319465566894516
Lesotho,LSO,-29.577578924673652,28.227929834679166
Lebanon,LBN,33.92077466815616,35.877378895375756
Latvia,LVA,56.84316799397389,24.917173189003435
Laos,LAO,18.472586396626625,103.7214041486254
Kyrgyzstan,KGZ,41.44555379299821,74.50475615368758
Kuwait,KWT,29.33233990235249,47.58665326432135
Kosovo,-99,42.56933974571056,20.87232316875316
Kiribati,KIR,0.8656519383009401,-45.42015752521902
Kenya,KEN,0.5989027956873131,37.77811943472092
Kazakhstan,KAZ,47.93885803617216,67.1273697735324
Jordan,JOR,31.23248939136285,36.75547594880412
Japan,JPN,37.35322846310501,137.44677555542697
Jamaica,JAM,18.15674704083946,-77.3142362369561
Italy,ITA,42.66128960293195,12.16242087296659
Israel,ISR,31.43061657228355,34.9878277019147
Palestine,PSE,31.914707195283995,35.19513487362596
Ireland,IRL,53.15487970825206,-8.142888422760985
Iraq,IRQ,32.984678956537486,43.74531274972698
Iran,IRN,32.42045667275837,54.32792922097215
Indonesia,IDN,-2.2051474687176427,117.1068958709132
India,IND,22.62702506478382,79.31792079095631
Iceland,ISL,64.97377602309625,-18.575020890733786
Hungary,HUN,47.153458017346814,19.3807850900195
Honduras,HND,14.824630001380106,-86.61353122302718
Haiti,HTI,18.932934577723536,-72.68425010756184
Guyana,GUY,4.788030155758219,-58.96140628669817
Guinea-Bissau,GNB,12.046799304412051,-14.949676302986003
Guinea,GIN,10.431011536527603,-10.934069808600217
Guatemala,GTM,15.687488602832516,-90.35662835807312
Grenada,GRD,12.117239175547875,-61.68217371902928
Greece,GRC,39.029113079984,22.953404999943594
Ghana,GHA,7.945213298588037,-1.2166144499233311
Germany,DEU,51.01798040082076,10.360589216298312
Georgia,GEO,42.162256230267964,43.51888218540211
Gambia,GMB,13.449543061988175,-15.396213510884627
Gabon,GAB,-0.5862141979633763,11.786667918821182
France,-99,39.95833950473933,-6.21295430270877
Saint Pierre and Miquelon,SPM,46.91893817754934,-56.302966642315376
Wallis and Futuna,WLF,-13.886110115464897,-177.34077696152346
Saint Martin,MAF,18.088885080071886,-63.05972755213498
Saint Barthelemy,BLM,17.898803792400695,-62.8406766012458
French Polynesia,PYF,-14.645095228971597,-144.5869059230698
New Caledonia,NCL,-21.29740703903505,165.67515072365558
French Southern and Antarctic Lands,ATF,-49.24484413986184,69.19907215862355
Aland,ALA,60.21462618731225,19.953448283383263
Finland,FIN,64.19200112759894,26.134670663697268
Fiji,FJI,-17.425320831077528,165.42942944942618
Ethiopia,ETH,8.598998015665996,39.58107047166183
Estonia,EST,58.6637155904892,25.542586387586464
Eritrea,ERI,15.35398177423252,38.84982615332684
Equatorial Guinea,GNQ,1.7052642214001337,10.341299775368396
El Salvador,SLV,13.739052172638587,-88.87041015858037
Egypt,EGY,26.41796049714171,29.84978159161235
Ecuador,ECU,-1.4226676603941677,-78.73788688958372
Dominican Republic,DOM,18.89273774227622,-70.50368179446068
Dominica,DMA,15.439419171613391,-61.35762581904971
Djibouti,DJI,11.747871305800427,42.55936353865023
Greenland,GRL,72.52972185663452,-40.59639647315951
Faroe Islands,FRO,62.0517652591847,-6.880428465930777
Denmark,DNK,55.96588824983144,10.038363113264323
Czechia,CZE,49.72638622813529,15.31728000188931
Northern Cyprus,-99,35.26249927800569,33.56776655625806
Cyprus,CYP,34.91642560014231,33.00576734419609
Cuba,CUB,21.615720392913833,-78.98534482468729
Croatia,HRV,45.06660784442858,16.399688192451745
Ivory Coast,CIV,7.622312448769498,-5.567934726363919
Costa Rica,CRI,9.974838090823368,-84.18685723889367
Democratic Republic of the Congo,COD,-2.855915978005139,23.59533455529798
Republic of the Congo,COG,-0.8363480200220273,15.213044594929562
Comoros,COM,-11.877386742318627,43.681344815666144
Colombia,COL,3.897193058632611,-73.00285982552795
China,CHN,35.781518850654926,102.72757684648683
Macao S.A.R,MAC,22.22311575453522,113.50931758204966
Hong Kong S.A.R.,HKG,22.398202449354915,114.1136548123643
Chile,CHL,-35.775584489208995,-69.94758355586002
Chad,TCD,15.248994667265043,18.609484795685116
Central African Republic,CAF,6.5617855597440995,20.457967511924245
Cabo Verde,CPV,15.950938296867873,-23.955433329462416
Canada,CAN,58.179068321103074,-94.97068769962438
Cameroon,CMR,5.676874441820713,12.727702680727175
Cambodia,KHM,12.715495258330913,104.89555213110198
Myanmar,MMR,21.087008599341996,96.36303929113646
Burundi,BDI,-3.35907980067216,29.874476301067077
Burkina Faso,BFA,12.263131519210246,-1.75962620935959
Bulgaria,BGR,42.759205036691576,25.208278530750526
Brunei,BRN,4.519611954532265,114.72145423996265
Brazil,BRA,-10.487890939081236,-52.875046241683656
Botswana,BWA,-22.146104370406757,23.795376319798343
Bosnia and Herzegovina,BIH,44.16693289975501,17.772612668547797
Bolivia,BOL,-16.654208663325782,-64.63808119510745
Bhutan,BTN,27.409522163113138,90.40060710964522
Benin,BEN,9.633623595795582,2.3263126260838156
Belize,BLZ,17.197695006809102,-88.7071078571218
Belgium,BEL,50.63477892642492,4.644443674554696
Belarus,BLR,53.4947347959449,28.00943415037301
Barbados,BRB,13.181436948282078,-59.55975482651237
Bangladesh,BGD,23.85417646602819,90.2313017649364
Bahrain,BHR,26.04193248818127,50.54190782611936
The Bahamas,BHS,24.264650202280144,-76.57366706154345
Azerbaijan,AZE,40.278592697191144,47.54350121486683
Austria,AUT,47.57746859702501,14.11230564188931
Australia,AUS,-25.349095574922803,133.75868354358053
Indian Ocean Territories,-99,-10.646882180820198,104.85638716084244
Heard Island and McDonald Islands,HMD,-53.0871774531788,73.52032974376431
Norfolk Island,NFK,-29.05145766578086,167.94920953972368
Ashmore and Cartier Islands,-99,-12.429931583526283,123.58383754300513
Armenia,ARM,40.2840513895269,44.934623603064814
Argentina,ARG,-34.4993107001132,-64.35927663151625
Antigua and Barbuda,ATG,17.277024307013573,-61.794214499505685
Angola,AGO,-12.24753516412105,17.515268459708903
Andorra,AND,42.54224425379389,1.5605257999425013
Algeria,DZA,27.955210933743707,2.621166429961462
Albania,ALB,41.13272460964558,20.049810415258307
Afghanistan,AFG,33.77335250631575,65.9029156248211
Siachen Glacier,-99,35.392197539222806,77.18003902296316
Antarctica,ATA,-76.02226069128037,41.04344239391579
Sint Maarten,SXM,18.050816389746945,-63.05713099924657
Tuvalu,TUV,-8.50345138499752,179.20555875459092
